-- phpMyAdmin SQL Dump
-- version 5.0.1
-- https://www.phpmyadmin.net/
--
-- Host: 127.0.0.1
-- Generation Time: Apr 16, 2020 at 08:16 AM
-- Server version: 10.4.11-MariaDB
-- PHP Version: 7.2.28

SET SQL_MODE = "NO_AUTO_VALUE_ON_ZERO";
SET AUTOCOMMIT = 0;
START TRANSACTION;
SET time_zone = "+00:00";


/*!40101 SET @OLD_CHARACTER_SET_CLIENT=@@CHARACTER_SET_CLIENT */;
/*!40101 SET @OLD_CHARACTER_SET_RESULTS=@@CHARACTER_SET_RESULTS */;
/*!40101 SET @OLD_COLLATION_CONNECTION=@@COLLATION_CONNECTION */;
/*!40101 SET NAMES utf8mb4 */;

--
-- Database: `proj_f`
--

-- --------------------------------------------------------

--
-- Table structure for table `admin`
--

CREATE TABLE `admin` (
  `ID_Admin` int(11) NOT NULL,
  `ID` varchar(50) NOT NULL,
  `Password` varchar(50) NOT NULL,
  `Level_Admin` int(11) NOT NULL
) ENGINE=InnoDB DEFAULT CHARSET=utf8;

--
-- Dumping data for table `admin`
--

INSERT INTO `admin` (`ID_Admin`, `ID`, `Password`, `Level_Admin`) VALUES
(0, 'B', '200140', 5),
(801, 'B', '200140', 5);

-- --------------------------------------------------------

--
-- Table structure for table `ai`
--

CREATE TABLE `ai` (
  `Id_Ai` int(11) NOT NULL,
  `Name_A` text DEFAULT NULL,
  `Name_B` text DEFAULT NULL,
  `Percent` float NOT NULL
) ENGINE=InnoDB DEFAULT CHARSET=utf8;

--
-- Dumping data for table `ai`
--

INSERT INTO `ai` (`Id_Ai`, `Name_A`, `Name_B`, `Percent`) VALUES
(4558, 'ปูไข่ดอง', 'ยำถั่วพูกุ้งสด', 66),
(4559, 'ยำถั่วพูกุ้งสด', 'ปูไข่ดอง', 61.11),
(4560, 'ปูไข่ดอง', 'N/A', 72),
(4561, 'ปลาแห้งแตงโม', 'ปูไข่ดอง', 72),
(4562, 'ปูไข่ดอง', 'ปลาแห้งแตงโม', 72),
(4563, 'ทะเลลวกจิ้ม', 'ปลาแห้งแตงโม', 60.42),
(4564, 'กระเช้าน้ำพริก', 'N/A', 76),
(4565, 'ปอเปี๊ยะทอด', 'N/A', 66.67),
(4566, 'ปลาแห้งแตงโม', 'ปอเปี๊ยะทอด', 74),
(4567, 'ปอเปี๊ยะทอด', 'ปลาแห้งแตงโม', 77.08),
(4568, 'ยำถั่วพูกุ้งสด', 'N/A', 74.07),
(4569, 'ปลาแห้งแตงโม', 'ยำถั่วพูกุ้งสด', 60),
(4570, 'ทะเลลวกจิ้ม', 'ปูไข่ดอง', 64.58),
(4571, 'ปูไข่ดอง', 'ทะเลลวกจิ้ม', 62),
(4572, 'ยำกุนเชียง', 'ใบเหลียงผัดไข่', 71.74),
(4573, 'ยำถั่วพูกุ้งสด', 'ใบเหลียงผัดไข่', 74.07),
(4574, 'ใบเหลียงผัดไข่', 'ยำถั่วพูกุ้งสด', 68.97),
(4575, 'ปอเปี๊ยะทอด', 'ปูไข่ดอง', 75),
(4576, 'ปูไข่ดอง', 'ปอเปี๊ยะทอด', 72),
(4577, 'ยำกุนเชียง', 'N/A', 67.39),
(4578, 'ใบเหลียงผัดไข่', 'N/A', 72.41),
(4579, 'ทะเลลวกจิ้ม', 'N/A', 72.92),
(4580, 'ปลาแห้งแตงโม', 'N/A', 62),
(4581, 'ยำกุนเชียง', 'ปลาแห้งแตงโม', 60.87),
(4582, 'กระเช้าน้ำพริก', 'ใบเหลียงผัดไข่', 76),
(4583, 'ใบเหลียงผัดไข่', 'กระเช้าน้ำพริก', 65.52),
(4584, 'ยำกุนเชียง', 'กระเช้าน้ำพริก', 63.04),
(4585, '[\'N/A\', \'ยำถั่วพูกุ้งสด\']', 'ยำถั่วพูกุ้งสด', 65),
(4586, '[\'N/A\', \'ยำถั่วพูกุ้งสด\']', 'ใบเหลียงผัดไข่', 65),
(4587, '[\'N/A\', \'ใบเหลียงผัดไข่\']', 'ยำถั่วพูกุ้งสด', 61.9),
(4588, '[\'N/A\', \'ใบเหลียงผัดไข่\']', 'ยำถั่วพูกุ้งสด', 61.9),
(4589, '[\'ยำถั่วพูกุ้งสด\', \'ใบเหลียงผัดไข่\']', 'N/A', 65),
(4590, '[\'ยำถั่วพูกุ้งสด\', \'ใบเหลียงผัดไข่\']', 'N/A', 65),
(4591, '[\'N/A\', \'กระเช้าน้ำพริก\']', 'กระเช้าน้ำพริก', 76.32),
(4592, '[\'N/A\', \'กระเช้าน้ำพริก\']', 'ใบเหลียงผัดไข่', 76.32),
(4593, '[\'N/A\', \'ใบเหลียงผัดไข่\']', 'กระเช้าน้ำพริก', 69.05),
(4594, '[\'N/A\', \'ใบเหลียงผัดไข่\']', 'กระเช้าน้ำพริก', 69.05),
(4595, '[\'กระเช้าน้ำพริก\', \'ใบเหลียงผัดไข่\']', 'N/A', 76.32),
(4596, '[\'กระเช้าน้ำพริก\', \'ใบเหลียงผัดไข่\']', 'N/A', 76.32),
(4597, '[\'กระเช้าน้ำพริก\', \'ยำถั่วพูกุ้งสด\']', 'ยำถั่วพูกุ้งสด', 92.86),
(4598, '[\'กระเช้าน้ำพริก\', \'ยำถั่วพูกุ้งสด\']', 'ใบเหลียงผัดไข่', 92.86),
(4599, '[\'กระเช้าน้ำพริก\', \'ใบเหลียงผัดไข่\']', 'ยำถั่วพูกุ้งสด', 68.42),
(4600, '[\'กระเช้าน้ำพริก\', \'ใบเหลียงผัดไข่\']', 'ยำถั่วพูกุ้งสด', 68.42),
(4601, '[\'ยำถั่วพูกุ้งสด\', \'ใบเหลียงผัดไข่\']', 'กระเช้าน้ำพริก', 65),
(4602, '[\'ยำถั่วพูกุ้งสด\', \'ใบเหลียงผัดไข่\']', 'กระเช้าน้ำพริก', 65),
(4603, '[\'ปลาแห้งแตงโม\', \'ปอเปี๊ยะทอด\']', 'ปอเปี๊ยะทอด', 67.57),
(4604, '[\'ปลาแห้งแตงโม\', \'ปอเปี๊ยะทอด\']', 'ยำถั่วพูกุ้งสด', 67.57),
(4605, '[\'ปลาแห้งแตงโม\', \'ยำถั่วพูกุ้งสด\']', 'ปอเปี๊ยะทอด', 83.33),
(4606, '[\'ปลาแห้งแตงโม\', \'ยำถั่วพูกุ้งสด\']', 'ปอเปี๊ยะทอด', 83.33),
(4607, '[\'ปอเปี๊ยะทอด\', \'ยำถั่วพูกุ้งสด\']', 'ปลาแห้งแตงโม', 89.29),
(4608, '[\'ปอเปี๊ยะทอด\', \'ยำถั่วพูกุ้งสด\']', 'ปลาแห้งแตงโม', 89.29),
(4609, '[\'N/A\', \'ปอเปี๊ยะทอด\']', 'ปอเปี๊ยะทอด', 78.12),
(4610, '[\'N/A\', \'ปอเปี๊ยะทอด\']', 'ปูไข่ดอง', 78.12),
(4611, '[\'N/A\', \'ปูไข่ดอง\']', 'ปอเปี๊ยะทอด', 69.44),
(4612, '[\'N/A\', \'ปูไข่ดอง\']', 'ปอเปี๊ยะทอด', 69.44),
(4613, '[\'ปอเปี๊ยะทอด\', \'ปูไข่ดอง\']', 'N/A', 69.44),
(4614, '[\'ปอเปี๊ยะทอด\', \'ปูไข่ดอง\']', 'N/A', 69.44),
(4615, '[\'ปลาแห้งแตงโม\', \'ปูไข่ดอง\']', 'ปูไข่ดอง', 69.44),
(4616, '[\'ปลาแห้งแตงโม\', \'ปูไข่ดอง\']', 'ยำถั่วพูกุ้งสด', 69.44),
(4617, '[\'ปลาแห้งแตงโม\', \'ยำถั่วพูกุ้งสด\']', 'ปูไข่ดอง', 83.33),
(4618, '[\'ปลาแห้งแตงโม\', \'ยำถั่วพูกุ้งสด\']', 'ปูไข่ดอง', 83.33),
(4619, '[\'ปูไข่ดอง\', \'ยำถั่วพูกุ้งสด\']', 'ปลาแห้งแตงโม', 75.76),
(4620, '[\'ปูไข่ดอง\', \'ยำถั่วพูกุ้งสด\']', 'ปลาแห้งแตงโม', 75.76),
(4621, 'ปอเปี๊ยะทอด', 'ปลาแห้งแตงโม', 60.42),
(4622, '[\'ปลาแห้งแตงโม\', \'ปอเปี๊ยะทอด\']', 'ปอเปี๊ยะทอด', 78.38),
(4623, '[\'ปลาแห้งแตงโม\', \'ปอเปี๊ยะทอด\']', 'ปูไข่ดอง', 78.38),
(4624, '[\'ปลาแห้งแตงโม\', \'ปูไข่ดอง\']', 'ปอเปี๊ยะทอด', 80.56),
(4625, '[\'ปลาแห้งแตงโม\', \'ปูไข่ดอง\']', 'ปอเปี๊ยะทอด', 80.56),
(4626, '[\'ปอเปี๊ยะทอด\', \'ปูไข่ดอง\']', 'ปลาแห้งแตงโม', 80.56),
(4627, '[\'ปอเปี๊ยะทอด\', \'ปูไข่ดอง\']', 'ปลาแห้งแตงโม', 80.56);

-- --------------------------------------------------------

--
-- Table structure for table `bill`
--

CREATE TABLE `bill` (
  `Id_Bill` int(11) NOT NULL,
  `Id_User` int(11) NOT NULL,
  `Table_Number` int(11) NOT NULL,
  `Bill_Price` int(11) NOT NULL
) ENGINE=InnoDB DEFAULT CHARSET=utf8;

-- --------------------------------------------------------

--
-- Table structure for table `bill_detail`
--

CREATE TABLE `bill_detail` (
  `Id_Billdetail` int(11) NOT NULL,
  `Id_Bill` int(11) NOT NULL,
  `Id_User` int(11) NOT NULL,
  `Date` date NOT NULL,
  `Product_Name` text NOT NULL,
  `Product_Price` int(11) NOT NULL,
  `Quantity` int(11) NOT NULL
) ENGINE=InnoDB DEFAULT CHARSET=utf8;

--
-- Dumping data for table `bill_detail`
--

INSERT INTO `bill_detail` (`Id_Billdetail`, `Id_Bill`, `Id_User`, `Date`, `Product_Name`, `Product_Price`, `Quantity`) VALUES
(1, 10001, 901, '2020-01-24', 'ปลาแห้ง', 330, 1),
(2, 10001, 901, '2020-01-24', 'เมี่ยงคำ', 330, 3),
(3, 10001, 901, '2020-01-24', 'ทะเลลวกจิ้ม', 275, 1),
(4, 10001, 901, '2020-01-24', 'ไส้อั่ว', 265, 1),
(5, 10002, 902, '2020-01-24', 'ปลาดุกพริกขิง', 0, 1),
(6, 10002, 902, '2020-01-24', 'ปลาดุกเขียวหวาน  ', 0, 1),
(7, 10002, 902, '2020-01-24', 'ยำถั่วพลู', 0, 1),
(8, 10002, 902, '2020-01-24', 'ยำดอกไม้', 0, 1),
(9, 10002, 902, '2020-01-24', 'มัสมั่น', 0, 1),
(10, 10003, 904, '2020-01-25', 'เนื้อสะโพก', 0, 1),
(11, 10003, 904, '2020-01-25', 'ปลาหมึกผัดไข่เค็ม', 0, 1),
(12, 10003, 904, '2020-01-25', 'แขนงหมูกรอบ', 0, 1),
(13, 10004, 903, '2020-01-26', 'ปอเปี๊ยะ', 0, 1),
(14, 10004, 903, '2020-01-26', 'มัสมั่นไก่', 0, 1),
(15, 10004, 903, '2020-01-26', 'แกงคั่วปูใบชะพู', 0, 1),
(16, 10005, 905, '2020-01-26', 'แกงเขียวหวานไก่', 0, 1),
(17, 10005, 905, '2020-01-26', 'กะหล่ำ', 0, 1),
(18, 10005, 905, '2020-01-26', 'ยำคิมูระซัง', 0, 1),
(19, 10005, 905, '2020-01-26', 'คอหมูอย่าง', 0, 1),
(20, 10005, 905, '2020-01-26', 'เนื้อสะโพก', 0, 1),
(21, 10005, 905, '2020-01-26', 'ไข่เจียวหมูสับ', 0, 1),
(22, 10006, 906, '2020-01-27', 'ต้มแซ่บ', 0, 1),
(23, 10006, 906, '2020-01-27', 'มัสมั่นไก่', 0, 1),
(24, 10006, 906, '2020-01-27', 'ผัดผักบุ้งไฟแดง', 0, 1),
(25, 10007, 907, '2020-01-28', 'ยำดอกไม้', 0, 1),
(26, 10007, 907, '2020-01-28', 'ใบเหลียงผัดไข่', 0, 1),
(27, 10008, 908, '2020-01-28', 'คอหมูอย่าง', 0, 1),
(28, 10008, 908, '2020-01-28', 'ปลากระพงราดพริก', 0, 1),
(29, 10008, 908, '2020-01-28', 'แขนงหมูกรอบ', 0, 1),
(30, 10008, 908, '2020-01-28', 'แกงเขียวหวานหมู', 0, 1),
(31, 10009, 909, '2020-01-29', 'ปอเปี๊ยะ', 0, 1),
(32, 10009, 909, '2020-01-29', 'คอหมูย่าง', 0, 1),
(33, 10009, 909, '2020-01-29', 'ต้มแซ่บ', 0, 1),
(34, 10009, 909, '2020-01-29', 'แกงเลียงกุ้ง', 0, 1),
(35, 10009, 909, '2020-01-29', 'ปลาดุกเขียวหวาน', 0, 1),
(36, 10010, 911, '2020-01-30', 'เนื้อสะโพก', 0, 1),
(37, 10010, 911, '2020-01-30', 'ยำคิมูระซัง', 0, 1),
(38, 10010, 911, '2020-01-30', 'ทะเลลวกจิ้ม', 0, 1),
(39, 10010, 911, '2020-01-30', 'ต้มโคล้ง', 0, 1),
(40, 10010, 911, '2020-01-30', 'ยำถั่วพลู', 0, 1),
(41, 10011, 912, '2020-01-30', 'ผัดไท', 0, 1),
(42, 10011, 912, '2020-01-30', 'ปลาดุกย่างสะเดา', 0, 1),
(43, 10011, 912, '2020-01-30', 'ยำดอกไม้', 0, 1),
(44, 10011, 912, '2020-01-30', 'ทับทิมกรอบ', 0, 1),
(45, 10012, 910, '2020-01-31', 'ปอเปี๊ยะ', 0, 1),
(46, 10012, 910, '2020-01-31', 'ทะเลลวกจิ้ม', 0, 1),
(47, 10012, 910, '2020-01-31', 'ไข่เจียวกุ้งสับ', 0, 1),
(48, 10012, 910, '2020-01-31', 'มัสมั่นไก่', 0, 1),
(49, 10012, 910, '2020-01-31', 'เนื้อปูผัดผงกระหรี่', 0, 1),
(50, 10012, 910, '2020-01-31', 'เนื้อย่างริบอาย', 0, 1),
(51, 10012, 910, '2020-01-31', 'ข้าวเหนียวมะม่วง', 0, 1),
(52, 10013, 913, '2020-02-01', 'คอหมูย่าง', 0, 1),
(53, 10013, 913, '2020-02-01', 'ปลากระพงราดพริก', 0, 1),
(54, 10014, 914, '2020-02-01', 'ผัดผักบุ้งไฟแดง', 0, 1),
(55, 10014, 914, '2020-02-01', 'ผัดวุ้นเส้น', 0, 1),
(56, 10014, 914, '2020-02-01', 'ทะเลลวกจิ้ม', 0, 1);

-- --------------------------------------------------------

--
-- Table structure for table `customers`
--

CREATE TABLE `customers` (
  `id` int(11) NOT NULL,
  `name` varchar(255) DEFAULT NULL,
  `address` varchar(255) DEFAULT NULL
) ENGINE=InnoDB DEFAULT CHARSET=latin1;

-- --------------------------------------------------------

--
-- Table structure for table `data_food`
--

CREATE TABLE `data_food` (
  `Id_data_food` int(11) NOT NULL,
  `data` text NOT NULL,
  `time` timestamp NOT NULL DEFAULT current_timestamp() ON UPDATE current_timestamp()
) ENGINE=InnoDB DEFAULT CHARSET=utf8;

--
-- Dumping data for table `data_food`
--

INSERT INTO `data_food` (`Id_data_food`, `data`, `time`) VALUES
(1, 'โต๊ะที่ 2 : null,ปอเปี๊ยะทอด : 265  :4,ข้าวผัดปู : 550  :4,ปลากะพงทอดสามรส : 650  :3,บะหมี่ปูหมูหวาน : 550  :3, ', '2020-01-13 06:35:17'),
(2, 'โต๊ะที่ 1 : null,แกงเขียวหวานปลาดุก : 385  :1,ปลาหมึกผัดไข่เค็ม : 385  :1,มะม่วงน้ำปลาหวาน:250:1,ใบเหลียงผัดไข่:320:1, ', '2020-01-13 11:42:31'),
(3, 'โต๊ะที่ 1 : null,ม้าฮ่อ:200:1,เมี่ยงคำ:330:1,ปลาแห้งแตงโม:330:1,มะม่วงน้ำปลาหวาน:250:1,ยำกุนเชียง : 320  :1,ปลาหมึกผัดไข่เค็ม : 385  :1,น้ำพริกกะปิปลาทูทอด : 275  :1,ผัดกะเพราหมูสับ : 375  :1,ข้าวอบกุนเชียงใส่ไก่ : 355  :1, ', '2020-01-13 11:47:15'),
(4, 'โต๊ะที่ 1 : null,ม้าฮ่อ:200:1,เมี่ยงคำ:330:1,ปลาแห้งแตงโม:330:1,มะม่วงน้ำปลาหวาน:250:1,ยำกุนเชียง : 320  :1,ปลาหมึกผัดไข่เค็ม : 385  :1,น้ำพริกกะปิปลาทูทอด : 275  :1,ผัดกะเพราหมูสับ : 375  :1,ข้าวอบกุนเชียงใส่ไก่ : 355  :1, ', '2020-01-20 13:37:40'),
(5, 'โต๊ะที่ 1 :', '2020-01-20 13:51:19'),
(6, 'โต๊ะที่ 1 : null,สลัดแขก (V):320:4,ยำกุนเชียง:320:1, ', '2020-01-26 13:18:52'),
(7, 'โต๊ะที่ 3 :', '2020-01-26 13:24:56'),
(8, 'โต๊ะที่ 1 : null,สลัดแขก (V):320:4,ยำกุนเชียง:320:1, ', '2020-01-26 13:25:09'),
(9, 'โต๊ะที่ 9 :', '2020-01-26 13:25:20'),
(10, 'โต๊ะที่ 2 : null,ปอเปี๊ยะทอด : 265  :4,ข้าวผัดปู : 550  :4,ปลากะพงทอดสามรส : 650  :3,บะหมี่ปูหมูหวาน : 550  :3, ', '2020-01-26 13:26:22'),
(11, 'โต๊ะที่ 2 : null,ปอเปี๊ยะทอด : 265  :4,ข้าวผัดปู : 550  :4,ปลากะพงทอดสามรส : 650  :3,บะหมี่ปูหมูหวาน : 550  :3, ', '2020-01-26 13:28:14'),
(12, 'โต๊ะที่ 2 : null,ปอเปี๊ยะทอด : 265  :4,ข้าวผัดปู : 550  :4,ปลากะพงทอดสามรส : 650  :3,บะหมี่ปูหมูหวาน : 550  :3, ', '2020-01-26 13:28:49'),
(13, 'โต๊ะที่ 2 : null,ปอเปี๊ยะทอด : 265  :4,ข้าวผัดปู : 550  :4,ปลากะพงทอดสามรส : 650  :3,บะหมี่ปูหมูหวาน : 550  :3, ', '2020-01-26 13:29:16'),
(14, 'โต๊ะที่ 2 : null,ปอเปี๊ยะทอด : 265  :4,ข้าวผัดปู : 550  :4,ปลากะพงทอดสามรส : 650  :3,บะหมี่ปูหมูหวาน : 550  :3, ', '2020-01-26 13:30:01'),
(15, 'โต๊ะที่ 2 : null,ปอเปี๊ยะทอด : 265  :4,ข้าวผัดปู : 550  :4,ปลากะพงทอดสามรส : 650  :3,บะหมี่ปูหมูหวาน : 550  :3, ', '2020-01-26 13:31:13'),
(16, 'โต๊ะที่ 2 : null,ปอเปี๊ยะทอด : 265  :4,ข้าวผัดปู : 550  :4,ปลากะพงทอดสามรส : 650  :3,บะหมี่ปูหมูหวาน : 550  :3, ', '2020-01-26 13:38:08'),
(17, 'โต๊ะที่ 2 : null,ปอเปี๊ยะทอด : 265  :4,ข้าวผัดปู : 550  :4,ปลากะพงทอดสามรส : 650  :3,บะหมี่ปูหมูหวาน : 550  :3, ', '2020-01-26 13:48:27'),
(18, 'โต๊ะที่ 2 : null,ปอเปี๊ยะทอด : 265  :4,ข้าวผัดปู : 550  :4,ปลากะพงทอดสามรส : 650  :3,บะหมี่ปูหมูหวาน : 550  :3, ', '2020-01-26 13:49:11'),
(19, 'โต๊ะที่ 2 : null,ปอเปี๊ยะทอด : 265  :4,ข้าวผัดปู : 550  :4,ปลากะพงทอดสามรส : 650  :3,บะหมี่ปูหมูหวาน : 550  :3, ', '2020-01-26 13:52:20'),
(20, 'โต๊ะที่ 2 : null,ปอเปี๊ยะทอด : 265  :4,ข้าวผัดปู : 550  :4,ปลากะพงทอดสามรส : 650  :3,บะหมี่ปูหมูหวาน : 550  :3, ', '2020-01-26 13:52:52'),
(21, 'โต๊ะที่ 1 :', '2020-02-15 13:41:32'),
(22, 'โต๊ะที่ 1 :', '2020-02-15 13:45:24'),
(23, 'โต๊ะที่ 2 :', '2020-02-15 13:45:34'),
(24, 'โต๊ะที่ 1 : null,ผัดกะเพราหมูสับ : 375  :1,ไส้อั่วเมืองแพร่ : 265  :1,ต้มจืดตำลึงหมูสับ : 330  :1,ผัดผักบุ้งไฟแดง : 270  :1, ', '2020-02-15 13:47:03'),
(25, 'โต๊ะที่ 1 : null,ผัดกะเพราหมูสับ : 375  :1,ไส้อั่วเมืองแพร่ : 265  :1,ต้มจืดตำลึงหมูสับ : 330  :1,ผัดผักบุ้งไฟแดง : 270  :1, ', '2020-02-15 13:47:17'),
(26, 'โต๊ะที่ 1 : null,ไข่เจียวหมูสับ : 265  :1,สลัดแขก (V) : 320  :1,แกงเผ็ดเป็ดย่างโฟร์ซีซั่น : 990  :1,คอหมูย่าง : 540  :1,ไข่พะโล้ : 385  :1, ', '2020-04-14 09:55:42'),
(27, 'โต๊ะที่ 1 : null,ข้าวกล้อง:60:1,ไข่เจียวโคตรปู:1990:1, ', '2020-04-14 10:12:04'),
(28, 'โต๊ะที่ 1 : null,ข้าวกล้อง:60:1,ไข่เจียวโคตรปู:1990:1, ', '2020-04-15 10:31:00');

-- --------------------------------------------------------

--
-- Table structure for table `food`
--

CREATE TABLE `food` (
  `Id_food` int(11) NOT NULL,
  `name` text NOT NULL,
  `name_eng` text NOT NULL,
  `imgname` text NOT NULL,
  `price` int(11) NOT NULL,
  `date` timestamp NOT NULL DEFAULT current_timestamp() ON UPDATE current_timestamp(),
  `type` int(11) NOT NULL,
  `link` text NOT NULL,
  `status` int(11) NOT NULL
) ENGINE=InnoDB DEFAULT CHARSET=utf8;

--
-- Dumping data for table `food`
--

INSERT INTO `food` (`Id_food`, `name`, `name_eng`, `imgname`, `price`, `date`, `type`, `link`, `status`) VALUES
(9, 'ใบเหลียงผัดไข่', 'STIR – FRIED MELINDJO WITH EGG', 'Stir_Fried_Melindjo_with_egg.png', 320, '2020-04-15 09:56:22', 3, '#', 1),
(10, 'ปลาทูต้มเค็ม', 'BOILED MACKEREL IN SWEET AND SALTED TAMARIND SOUP', 'ปลาทูต้มเค็ม.png', 490, '2020-04-15 09:56:23', 2, '#', 1),
(11, 'มะม่วงน้ำปลาหวาน', 'GREEN MANGO AND SWEET DIPPING SAUCE WITH SHRIMP', 'มะม่วงน้ำปลาหวาน3.png', 250, '2020-04-15 09:56:24', 1, '#', 1),
(12, 'ปลาแห้งแตงโม', 'WATERMELON BALLS TOPPED WITH FLUFFY FISH AND SUGAR', 'ปลาแห้งแตงโม.png', 330, '2019-11-20 02:50:25', 1, '#', 0),
(13, 'เมี่ยงคำ', 'FRESH BETEL LEAF WITH CONDIMENTS', 'Fresh betel leaf with condiments.png', 330, '2019-10-23 04:23:10', 1, '#', 0),
(14, 'ม้าฮ่อ', 'CANDIED COCONUT BALL WITH FRESH FRUIT', 'ม้าฮ่อ.png', 200, '2019-10-23 04:25:07', 1, '#', 0),
(15, 'ข้าวตังหน้าตั้ง', 'CRISPY RICE CRACKERS WITH CANDIED PEANUT DIP WITH PORK', 'ข้าวตังหน้าตั้ง.png', 275, '2019-10-23 04:27:23', 1, '#', 0),
(16, 'ปอเปี๊ยะทอด', 'DEEP-FRIED VEGETABLE SPRING ROLLS WITH PLUM SAUCE', 'ปอเปี๊ยะทอด.png', 265, '2019-10-23 04:27:23', 1, '#', 0),
(17, 'ปอเปี๊ยะกุ้ง', 'DEEP-FRIED SHRIMP SPRING ROLLS WITH PLUM SAUCE', 'ปอเปี๊ยะกุ้ง.png', 540, '2019-10-23 04:28:59', 1, '#', 0),
(18, 'ไส้อั่วเมืองแพร่', 'GRILLED NORTHERN THAI SAUSAGE WITH STICKY RICE', 'ไส้อั่วเมืองแพร่.png', 265, '2019-10-23 04:28:59', 1, '#', 0),
(19, 'ปีกไก่ทอดน้ำปลา', 'FRIED CHICKEN WINGS WITH SWEET FISH SAUCE', 'ปีกไก่ทอดน้ำปลา.png', 265, '2019-10-23 04:30:37', 1, '#', 0),
(20, 'ทะเลลวกจิ้ม', 'SEAFOOD STARTER', 'ทะเลลวกจิ้ม.png', 275, '2019-10-23 04:30:37', 1, '#', 0),
(21, 'หอยนางรมสดทรงเครื่อง', 'FRESH OYSTERS WITH HERBAL CONDIMENT', 'หอยนางรมสดทรงเครื่อง.png', 650, '2019-10-23 04:32:17', 1, '#', 0),
(22, 'ส้มตำทะเล', 'SEAFOOD PAPAYA SALAD', 'ส้มตำทะเล.png', 430, '2019-10-23 04:32:17', 1, '#', 0),
(23, 'ปูไข่ดอง', 'MARINATED SPICY CRAB', 'ปูไข่ดอง.png', 720, '2019-10-23 04:33:56', 1, '#', 0),
(24, 'ยำดอกไม้', 'CRISPY EDIBLE FLOWER SALAD', 'ยำดอกไม้.png', 320, '2019-11-20 02:57:10', 4, '#', 0),
(25, 'ยำกุนเชียง', 'HIGH QUALITY CHINESE SAUSAGE SALAD WITH CUCUMBER, ONION, AND CHILI', 'ยำกุนเชียง.png', 320, '2019-11-20 02:57:12', 4, '#', 0),
(26, 'สลัดแขก (V)', 'MUSLIM STYLE MIXED VEGETABLE SALAD WITH CURRY PEANUT DRESSING', 'สลัดแขก (V).png', 320, '2019-10-23 04:36:11', 1, '#', 0),
(27, 'ยำปลาสลิดไข่เค็ม', 'FRIED GOURAMI FISH SPICY SALAD WITH GREEN MANGO', 'ยำปลาสลิดไข่เค็ม.png', 375, '2019-11-20 02:57:24', 4, '#', 0),
(28, 'ยำวุ้นเส้นคิมูระซัง ใส่กระเทียมดอง', 'GLASS NOODLE SALAD WITH PRAWNS, PORK AND CHILI', 'ยำวุ้นเส้นคิมูระซัง.png', 420, '2019-11-20 02:57:29', 4, '#', 0),
(29, 'ยำถั่วพูกุ้งสด', 'WINGED BEAN SALAD WITH PRAWNS, PORK AND CHILI', 'ยำถั่วพูกุ้งสด.png', 420, '2019-11-20 02:57:32', 4, '#', 0),
(30, 'กระเช้าน้ำพริก', 'RELISH SET', 'กระเช้าน้ำพริก.png', 825, '2019-11-20 02:57:48', 5, '#', 0),
(31, 'น้ำพริกลงเรือ แนมหมูหวาน', 'PORK RELISH WITH CANDIED PORK BELLY', 'น้ำพริกลงเรือ.png', 265, '2019-11-20 02:58:09', 5, '#', 0),
(32, 'กะปิคั่ว', 'SHRIMP PASTE SIMMERED IN COCONUT MILK', 'กะปิคั่ว.png', 265, '2019-11-20 02:58:20', 5, '#', 0),
(33, 'น้ำพริกกะปิปลาทูทอด', 'SPICY SHRIMP PASTE RELISH SERVED WITH VEGETABLE AND FRIED MACKEREL', 'น้ำพริกกะปิปลาทูทอด.png', 275, '2019-11-20 02:58:24', 5, '#', 0),
(34, 'น้ำพริกกะปิแมงดานาไม่ใช้แมงดาขวด', 'SPICY SHRIMP PASTE LOCAL WATER BUGS (NOT BOTTLED ONES!)', 'น้ำพริกกะปิแมงดานาไม่ใช้แมงดาขวด.png', 320, '2019-11-20 02:58:28', 5, '#', 0),
(35, 'หลนปลาร้า', 'FERMENTED FISH RELISH IN COCONUT MILK', 'หลนปลาร้า.png', 275, '2019-11-20 02:58:35', 5, '#', 0),
(36, 'หลนปูเค็ม', 'SALTED FIELD CRAB RELISH WITH PORK IN COCONUT MILK', 'หลนปูเค็ม.png', 320, '2019-11-20 02:58:38', 5, '#', 0),
(37, 'ไข่เจียวโคตรปู', 'EPIC CRAB OMELET', 'ไข่เจียวโคตรปู.png', 1990, '2019-11-20 02:58:57', 6, '#', 0),
(38, 'ไข่เจียวใส่ไช้โป้วและโหระพา', 'CHOPPED PICKLED DAIKON IN FLAT OMELET WITH BASIL', 'ไข่เจียวใส่ไช้โป้วและโหระพา.png', 1, '2019-11-20 02:59:03', 6, '#', 0),
(39, 'ไข่เจียวดอกไม้', 'EDIBLE FLOWERS IN FLAT OMELET', 'ไข่เจียวดอกไม้.png', 265, '2019-11-20 02:59:05', 6, '#', 0),
(40, 'ไข่เจียวหมูสับ', 'MINCED PORK IN FLAT OMELET', 'ไข่เจียวดอกไม้.png', 265, '2019-11-20 02:59:09', 6, '#', 0),
(41, 'ไข่เจียวกุ้งสับ', 'CHOPPED PRAWNS IN FLAT OMELET', 'ไข่เจียวกุ้งสับ.png', 485, '2019-11-20 02:59:12', 6, '#', 0),
(42, 'เนื้อริบอายบุรีรัมย์ย่าง', 'GRILLED THAI RIBEYE BEEF (250 GRAMS) WITH SPICY SAUCE AND TANGY SAUCE.', 'เนื้อริบอายบุรีรัมย์ย่าง.png', 995, '2019-10-23 05:50:52', 1, '#', 0),
(43, 'เนื้อสะโพกย่างบุรีรัมย์', 'GRILLED THAI RUMP CAP BEEF WITH SPICY SAUCE AND TANGY SAUCE.', 'เนื้อสะโพกย่างบุรีรัมย์.png', 550, '2019-10-23 05:50:52', 1, '#', 0),
(44, 'เสือร้องไห้', 'GRILLED THAI BRISKET BEEF WITH SPICY SAUCE AND TANGY SAUCE.', 'เสือร้องไห้.png', 445, '2019-10-23 05:50:52', 1, '#', 0),
(45, 'คอหมูย่าง', 'GRILLED PORK JOWL WITH SWEET AND SALTY SAUCE', 'คอหมูย่าง.png', 540, '2019-10-23 05:56:41', 1, '#', 0),
(46, 'ปลากะพงทอดน้ำปลา', 'FRIED WHOLE BARRAMUNDI WITH FISH SAUCE AND MANGO SALAD', 'ปลากะพงทอดน้ำปลา.png', 650, '2019-11-20 02:59:28', 7, '#', 0),
(47, 'ปลากะพงทอดสามรส', 'FRIED WHOLE BARRAMUNDI WITH PINEAPPLE AND SWEET CHILI SAUCE', 'ปลากะพงทอดสามรส.png', 650, '2019-11-20 02:59:38', 7, '#', 0),
(48, 'ไข่พะโล้', 'TRADITIONAL BRAISED EGGS AND PORK BELLY IN SWEET BROWN SOUP WITH FISH SAUCE AND PALM SUGAR', 'ไข่พะโล้.png', 385, '2019-11-20 02:51:32', 2, '#', 0),
(49, 'ต้มแซ่บกระดูกหมู', 'BRAISED BONE-IN PORK RIBS IN SPICY AND SOUR SOUP', 'ต้มแซ่บกระดูกหมู.png', 380, '2019-11-20 02:51:50', 2, '#', 0),
(50, 'ต้มโคล้งปลาสลิด', 'FRIED GOURAMI FISH IN SPICY TAMARIND SMOKY SOUP\r\n', 'ต้มโคล้งปลาสลิด.png', 430, '2019-11-20 02:52:03', 2, '#', 0),
(51, 'ต้มจืดกระเพาะเกี้ยมไฉ่', 'CHINESE PICKLES CLEAR SOUP WITH PORK STOMACH', 'ต้มจืดกระเพาะเกี้ยมไฉ่.png', 390, '2019-11-20 02:52:13', 2, '#', 0),
(52, 'ต้มจืดตำลึงหมูสับ', 'IVY GOURD CLEAR SOUP WITH MINCED PORK BALLS', 'ต้มจืดตำลึงหมูสับ.png', 330, '2019-11-20 02:52:26', 2, '#', 0),
(53, 'ต้มยำกุ้ง', 'PRAWNS IN SPICY AND SOUR TOM YUM SOUP', 'ต้มยำกุ้ง.png', 820, '2019-11-20 02:52:36', 2, '#', 0),
(54, 'ต้มยำปลาทู', 'CLEAR TOM YUM SOUP, SPICY AND SOUR WITH STEAMED MACKEREL, TOPPED WITH CHILI AND BASIL LEAVES', 'ต้มยำปลาทู.png', 495, '2019-11-20 02:52:45', 2, '#', 0),
(55, 'แกงส้มชะอมกุ้ง', 'SPICY AND SOUR SOUP WITH ACACIA OMELET', 'แกงส้มชะอมกุ้ง.png', 430, '2019-11-20 02:52:56', 2, '#', 0),
(56, 'แกงคั่วเนื้อปูใบชะครามสุราษฎร์', 'THE BI CHAKHRAM (SEABITE LEAVES) FROM SURAT THANI, IN SPICY SOUTHERN CURRY AND STEAM CRAB MEAT.', 'แกงคั่วเนื้อปูใบชะครามสุราษฎร์.png', 420, '2019-11-20 02:53:13', 2, '#', 0),
(57, 'แกงเลียงกุ้ง', 'AROMATIC MIXED VEGETABLE SOUP WITH PRAWNS', 'แกงเลียงกุ้ง.png', 420, '2019-11-20 02:53:31', 2, '#', 0),
(58, 'แกงเขียวหวานปลาดุก', 'GREEN CURRY WITH CATFISH', 'แกงเขียวหวานปลาดุก.png', 385, '2019-11-20 02:53:43', 2, '#', 0),
(59, 'แกงเขียวหวานหมูตุ๋นพริกขี้หนู', 'BRAISED PORK IN GREEN CURRY', 'แกงเขียวหวานหมูตุ๋นพริกขี้หนู.png', 480, '2019-11-20 02:53:52', 2, '#', 0),
(60, 'แกงมัสมั่นเนื้อสายัณห์', 'BEEF MASSAMUN CURRY IN SOUTHERN STYLE', 'แกงมัสมั่นเนื้อสายัณห์.png', 600, '2019-11-20 02:54:05', 2, '#', 0),
(61, 'แกงมัสมั่นทุเรียนไก่', 'DURIAN MASSAMUN CURRY WITH CHICKEN.', 'แกงมัสมั่นทุเรียนไก่.png', 490, '2019-11-20 02:54:14', 2, '#', 0),
(62, 'แกงมัสมั่นผักมังสวิรัติ/ เจ', 'VEGETABLES MASSAMUN CURRY ( PUMPKIN / WATER CHESTNUT / CARROT / YAM)', 'แกงมัสมั่นผักมังสวิรัติ.png', 220, '2019-11-20 02:54:23', 2, '#', 0),
(63, 'พะแนงเนื้อติดมัน', 'RED CURRY WITH BEEF, TOPPED WITH BASIL LEAVES AND CHILI', 'พะแนงเนื้อติดมัน.png', 490, '2019-11-20 02:54:32', 2, '#', 0),
(64, 'แกงเผ็ดเป็ดย่างโฟร์ซีซั่น', 'ROASTED FOUR SEASONS DUCK IN RED CURRY', 'แกงเผ็ดเป็ดย่างโฟร์ซีซั่น.png', 990, '2019-11-20 02:54:39', 2, '#', 0),
(65, 'ผัดฟักทองใส่ไข่', 'STIR-FRIED MUSHY PUMPKIN WITH EGGS', 'ผัดฟักทองใส่ไข่.png', 270, '2019-11-20 02:55:04', 3, '#', 0),
(66, 'ผัดวุ้นเส้นใส่ไข่', 'STIR-FRIED GLASS NOODLE WITH EGGS AND VEGETABLE', 'ผัดวุ้นเส้นใส่ไข่.png', 270, '2019-11-20 02:55:13', 3, '#', 0),
(67, 'สายบัวผัดกะปิ', 'STIR-FRIED LOTUS STEMS WITH SHRIMP PASTE AND PORK', 'สายบัวผัดกะปิ.png', 270, '2019-11-20 02:55:19', 3, '#', 0),
(68, 'กะหล่ำปลีผัดน้ำปลา', 'SMOKY, BURNT CABBAGE WITH FISH SAUCE', 'กะหล่ำปลีผัดน้ำปลา.png', 270, '2019-11-20 02:55:32', 3, '#', 0),
(69, 'เนื้อตุ๋นผัดเผ็ดกะเพรา', 'STIR-FRIED SPICY THAI BASIL WITH BEEF, GARLIC AND CHILI', 'เนื้อตุ๋นผัดเผ็ดกะเพรา.png', 430, '2019-11-20 02:55:41', 3, '#', 0),
(70, 'ไก่ผัดเม็ดมะม่วงหิมพานต์', 'STIR-FRIED CHICKEN WITH CASHEW NUT', 'ไก่ผัดเม็ดมะม่วงหิมพานต์.png', 430, '2019-11-20 02:55:53', 3, '#', 0),
(71, 'ปลาดุกฟูราดพริกขิง', 'FRIED FLUFFY CATFISH WITH CURRY SAUCE', 'ปลาดุกฟูราดพริกขิง.png', 385, '2019-11-20 02:56:06', 3, '#', 0),
(72, 'ผัดกะเพราหมูสับ', 'STIR-FRIED SPICY THAI BASIL WITH MINCED PORK, GARLIC AND CHILI', 'ผัดกะเพราหมูสับ.png', 375, '2019-11-20 02:56:15', 3, '#', 0),
(73, 'ปลากะพงผัดขึ้นฉ่าย', 'STIR-FRIED FRIED SLICED BARRAMUNDI WITH CELERY', 'ปลากะพงผัดขึ้นฉ่าย.png', 650, '2019-11-20 02:56:19', 3, '#', 0),
(74, 'ผัดแขนงหมูกรอบ', 'STIR FRIED CABBAGE SPROUTS WITH CRISPY PORK BELLY', 'ผัดแขนงหมูกรอบ.png', 430, '2019-11-20 02:56:30', 3, '#', 0),
(75, 'ผัดผักบุ้งไฟแดง', 'STIR FRIED MORNING GLORY WITH FERMENTED SOY BEAN', 'ผัดผักบุ้งไฟแดง.png', 270, '2019-11-20 02:56:33', 3, '#', 0),
(76, 'เนื้อปูผัดผงกะหรี่', 'STIR FRIED CRAB MEAT WITH EGG CURD CURRY', 'เนื้อปูผัดผงกะหรี่.png', 870, '2019-11-20 02:56:36', 3, '#', 0),
(77, 'ปูนิ่มผัดผงกะหรี่', 'FRIED SOFT SHELL CRABS WITH CURRIED EGG CURD CURRY', 'ปูนิ่มผัดผงกะหรี่.png', 540, '2019-11-20 02:56:47', 3, '#', 0),
(78, 'ปลาหมึกผัดไข่เค็ม', 'STIR FRIED SQUID WITH SALTED EGG', 'ปลาหมึกผัดไข่เค็ม.png', 385, '2019-11-20 02:56:53', 3, '#', 0),
(79, 'ขนมจีนน้ำยาเสิร์ฟกับไก่ทอดหนังกรอบ', 'FERMENTED RICE NOODLE WITH CURRY AND FRIED CHICKEN', 'ขนมจีนน้ำยาเสิร์ฟกับไก่ทอดหนังกรอบ.png', 320, '2019-11-20 02:59:59', 8, '#', 0),
(80, 'ผัดไทย', 'STIR – FRIED RICE NOODLE WITH GRILLED PRAWN', 'ผัดไทย.png', 390, '2019-11-20 03:00:04', 8, '#', 0),
(81, 'หมี่กะทิ', 'RICE NOODLE IN COCONUT SAUCE', 'หมี่กะทิ.png', 250, '2019-11-20 03:00:08', 8, '#', 0),
(82, 'ขนมจีนซาวน้ำ', 'RICE NOODLE WITH FISH BALL AND COCONUT MILK', 'ขนมจีนซาวน้ำ.png', 250, '2019-11-20 03:00:11', 8, '#', 0),
(83, 'พาสต้าดวงฤทธิ์', 'CAPELLINI, ANCHOVY, BACON, BASIL, CHILI GARLIC, SHALLOT', 'พาสต้าดวงฤทธิ์.png', 350, '2019-11-20 03:00:14', 8, '#', 0),
(84, 'บะหมี่ปูหมูหวาน', 'CRAB MEAT NOODLE WITH SWEET PORK BELLY', 'บะหมี่ปูหมูหวาน.png', 550, '2019-11-20 03:00:17', 8, '#', 0),
(85, 'เส้นใหญ่ / เส้นหมี่ผัดซีอิ้ว', 'STIR FRIED FLAT NOODLE / RICE VERMICELLI WITH PORK', 'เส้นใหญ่.png', 320, '2019-11-20 03:00:31', 8, '#', 0),
(86, 'ข้าวผัดปู', 'FRIED RICE WITH CRAB MEAT', 'ข้าวผัดปู.png', 550, '2019-11-20 03:00:50', 9, '#', 0),
(87, 'ข้าวผัดหมู', 'FRIED RICE WITH PORK', 'ข้าวผัดหมู.png', 430, '2019-11-20 03:00:53', 9, '#', 0),
(88, 'ข้าวอบกุนเชียงใส่ไก่', 'POT-BAKED CHICKEN RICE WITH CHINESE SAUSAGE LOADS OF CHICKEN AND CHINESE SAUSAGE TOO!', 'ข้าวอบกุนเชียงใส่ไก่.png', 355, '2019-11-20 03:00:54', 9, '#', 0),
(89, 'ข้าวผัดเนื้อเค็ม', 'FRIED RICE WITH DRIED BEEF, QUALITY DRIED BEEF!', 'ข้าวผัดเนื้อเค็ม.png', 495, '2019-11-20 03:00:56', 9, '#', 0),
(90, 'ข้าวผัดสับปะรด', 'FRIED RICE WITH PINEAPPLE', 'ข้าวผัดสับปะรด.png', 0, '2019-11-20 03:00:59', 9, '#', 0),
(91, 'ข้าวสวยหอมมะลิ', 'STEAMED JASMINE WHITE RICE', 'ข้าวสวยหอมมะลิ.png', 50, '2019-11-20 03:01:01', 9, '#', 0),
(92, 'ข้าวกล้อง', 'BROWN RICE', 'ข้าวสวยหอมมะลิ.png', 60, '2019-11-20 03:01:03', 9, '#', 0),
(93, 'ข้าวเหนียวมะม่วง', 'MANGO WITH STICKY RICE', 'ข้าวเหนียวมะม่วง.png', 330, '2019-11-20 03:01:36', 10, '#', 0),
(94, 'ผลไม้สด', 'PAPAYA / PINEAPPLE / WATERMELON / DRAGON FRUIT', 'ผลไม้สด.png', 275, '2019-11-20 03:01:39', 10, '#', 0),
(95, 'ทับทิมกรอบทรงเครื่องมะพร้าวกะทิ', 'WATER CHESTNUTS DUMPLING IN COCONUT MILK', 'ทับทิมกรอบทรงเครื่องมะพร้าวกะทิ.png', 125, '2019-11-20 03:01:43', 10, '#', 0),
(96, 'ส้มฉุน', 'BLACK GRASS JELLY', 'ส้มฉุน.png', 95, '2019-11-20 03:01:46', 10, '#', 0);

-- --------------------------------------------------------

--
-- Table structure for table `foodcount`
--

CREATE TABLE `foodcount` (
  `Id_foodCount` int(11) NOT NULL,
  `Id_Food` int(11) NOT NULL,
  `Name` text NOT NULL,
  `Quantity_Food` int(11) NOT NULL
) ENGINE=InnoDB DEFAULT CHARSET=utf8;

-- --------------------------------------------------------

--
-- Table structure for table `pro`
--

CREATE TABLE `pro` (
  `Id_pro` int(11) NOT NULL,
  `name` text NOT NULL,
  `text` text NOT NULL,
  `img` text NOT NULL,
  `link` text NOT NULL,
  `Startdate` date NOT NULL,
  `Enddate` date NOT NULL
) ENGINE=InnoDB DEFAULT CHARSET=utf8;

--
-- Dumping data for table `pro`
--

INSERT INTO `pro` (`Id_pro`, `name`, `text`, `img`, `link`, `Startdate`, `Enddate`) VALUES
(2, 'ฉลองเคาน์ดาวน์ที่ THE NEVER ENDING SUMMER', 'ดื่มด่ำบรรยากาศดีๆ กับอาหารไทยเลิศรสรับปีใหม่ และเครื่องดื่มพร้อมเสิร์ฟกันยาวๆ นั่งได้ถึงตีสอง จองเลยวันนี้ ก่อนที่จะเต็ม!', 'promo1.png', 'https://www.facebook.com/TheNeverEndingSummer/', '2020-02-21', '2020-02-28'),
(35, 'PODCAST ', '\"เชื้อไวรัสซอมบี้ล้างโลก\"', 'img_5e592efb7a218.PNG', 'https://www.youtube.com/watch?v=4wUJXiiIlaA', '2020-02-28', '2020-02-28'),
(36, 'ลองใหม่', 'joihlk', 'img_5e651dbf0122b.PNG', 'https://www.youtube.com/watch?v=kOnGanrn7sM', '2020-03-08', '2020-03-08'),
(37, 'PHP CRUD Tutorial with MySQL & Bootstrap 4 (Create, Read, Update, Delete)', 'ลองลิ้ง', 'img_5e651dde9bac2.PNG', 'https://www.youtube.com/watch?v=5Wn85Ge22FQ&list=RDmPVDGOVjRQ0&index=2', '2020-03-08', '2020-03-15');

-- --------------------------------------------------------

--
-- Table structure for table `recommend`
--

CREATE TABLE `recommend` (
  `Id_recommend` int(11) NOT NULL,
  `name` text NOT NULL,
  `price` text NOT NULL,
  `imgname` text NOT NULL,
  `link` text NOT NULL,
  `date` timestamp NOT NULL DEFAULT current_timestamp() ON UPDATE current_timestamp(),
  `num` int(11) NOT NULL
) ENGINE=InnoDB DEFAULT CHARSET=utf8;

--
-- Dumping data for table `recommend`
--

INSERT INTO `recommend` (`Id_recommend`, `name`, `price`, `imgname`, `link`, `date`, `num`) VALUES
(1, 'ปลาแห้งแตงโม', '330', 'Recommendedแตงโม.jpg', '', '2019-11-19 02:10:40', 1),
(2, 'คอหมูย่าง', '540', 'Recommendedคอหมูย่าง.jpg', '#', '2019-11-13 07:09:27', 2),
(3, 'ต้มยำกุ้ง', '820', 'Recommendedต้มยำกุ้ง.jpg', '#', '2019-11-14 01:55:10', 3),
(4, 'ปลากระพงทอดน้ำปลา', '650', 'Recommendedปลากระพง.jpg', '#', '2019-10-24 04:21:29', 4),
(5, 'ไข่เจียวโคตรปู', '1990', 'Recommendedไข่เจียวโคตรปู.jpg', '#', '2020-03-13 14:02:20', 5);

-- --------------------------------------------------------

--
-- Table structure for table `table_food`
--

CREATE TABLE `table_food` (
  `Id_table_food` int(11) NOT NULL,
  `table_name` text NOT NULL,
  `name` text NOT NULL,
  `total` text NOT NULL,
  `date` timestamp NOT NULL DEFAULT current_timestamp() ON UPDATE current_timestamp()
) ENGINE=InnoDB DEFAULT CHARSET=utf8;

--
-- Dumping data for table `table_food`
--

INSERT INTO `table_food` (`Id_table_food`, `table_name`, `name`, `total`, `date`) VALUES
(1, 'attila', ' null,ข้าวกล้อง:60:1,ไข่เจียวโคตรปู:1990:1, ', ' ข้าวกล้อง:60:1,ไข่เจียวโคตรปู:1990:1,', '2020-04-14 10:11:36'),
(2, 'nero', '', '', '2020-01-28 07:32:27'),
(3, 'shiki', '', '', '2020-01-03 08:46:04'),
(4, 'atolfo', '', '', '2019-12-19 09:36:34'),
(5, 'gundam', '', '', '2019-12-19 09:36:36'),
(6, 'aoi', '', '', '2019-12-19 09:36:38'),
(7, 'miyabi', '', '', '2019-12-19 09:36:41'),
(8, 'nadeshigo', '', '', '2019-12-19 09:36:43'),
(9, 'hanego', '', '', '2019-12-19 09:36:44');

-- --------------------------------------------------------

--
-- Table structure for table `test_data_ai`
--

CREATE TABLE `test_data_ai` (
  `ID_TDA` int(11) NOT NULL,
  `Name_A` text NOT NULL,
  `Name_B` text NOT NULL,
  `Name_C` text NOT NULL,
  `Name_D` text NOT NULL,
  `Name_E` text NOT NULL,
  `Name_F` text NOT NULL,
  `Name_G` text NOT NULL
) ENGINE=InnoDB DEFAULT CHARSET=utf8;

--
-- Dumping data for table `test_data_ai`
--

INSERT INTO `test_data_ai` (`ID_TDA`, `Name_A`, `Name_B`, `Name_C`, `Name_D`, `Name_E`, `Name_F`, `Name_G`) VALUES
(1, 'ใบเหลียงผัดไข่', 'ปลาแห้งแตงโม', 'ปอเปี๊ยะทอด', 'ทะเลลวกจิ้ม', 'ปูไข่ดอง', 'ยำดอกไม้', 'ยำกุนเชียง'),
(2, 'ใบเหลียงผัดไข่', 'ปูไข่ดอง', 'ทะเลลวกจิ้ม', 'ยำกุนเชียง', 'ปลาแห้งแตงโม', 'ยำถั่วพูกุ้งสด', 'ยำดอกไม้'),
(3, 'ปูไข่ดอง', 'ทะเลลวกจิ้ม', 'ปอเปี๊ยะทอด', 'ยำถั่วพูกุ้งสด', 'ปลาแห้งแตงโม', '', ''),
(4, 'ปูไข่ดอง', 'ทะเลลวกจิ้ม', 'ปอเปี๊ยะทอด', 'ยำถั่วพูกุ้งสด', 'ปลาแห้งแตงโม', '', ''),
(5, 'ทะเลลวกจิ้ม', 'ยำดอกไม้', 'ปลาแห้งแตงโม', '', '', '', ''),
(6, 'ปอเปี๊ยะทอด', 'ใบเหลียงผัดไข่', 'ปลาแห้งแตงโม', 'ยำดอกไม้', 'ยำถั่วพูกุ้งสด', 'ยำกุนเชียง', 'กระเช้าน้ำพริก'),
(7, 'ปลาแห้งแตงโม', 'ยำดอกไม้', 'ปอเปี๊ยะทอด', 'ปูไข่ดอง', '', '', ''),
(8, 'กระเช้าน้ำพริก', 'ใบเหลียงผัดไข่', 'ยำถั่วพูกุ้งสด', 'ยำดอกไม้', 'ยำกุนเชียง', '', ''),
(9, 'ใบเหลียงผัดไข่', 'ยำกุนเชียง', 'ปูไข่ดอง', 'ยำถั่วพูกุ้งสด', 'ปลาแห้งแตงโม', 'ปอเปี๊ยะทอด', ''),
(10, 'กระเช้าน้ำพริก', 'ปลาแห้งแตงโม', 'ยำกุนเชียง', 'ทะเลลวกจิ้ม', 'ยำดอกไม้', 'ปอเปี๊ยะทอด', 'ปูไข่ดอง'),
(11, 'ปูไข่ดอง', 'ทะเลลวกจิ้ม', 'ปอเปี๊ยะทอด', 'ยำถั่วพูกุ้งสด', 'ปลาแห้งแตงโม', '', ''),
(12, 'กระเช้าน้ำพริก', 'ปอเปี๊ยะทอด', 'ทะเลลวกจิ้ม', 'ใบเหลียงผัดไข่', 'ยำกุนเชียง', 'ปลาแห้งแตงโม', 'ยำถั่วพูกุ้งสด'),
(13, 'ใบเหลียงผัดไข่', 'ยำกุนเชียง', 'ยำดอกไม้', 'กระเช้าน้ำพริก', 'ทะเลลวกจิ้ม', '', ''),
(14, 'กระเช้าน้ำพริก', 'ปูไข่ดอง', 'ยำถั่วพูกุ้งสด', 'ทะเลลวกจิ้ม', '', '', ''),
(15, 'ใบเหลียงผัดไข่', '', '', '', '', '', ''),
(16, 'ยำดอกไม้', 'ยำกุนเชียง', 'กระเช้าน้ำพริก', '', '', '', ''),
(17, 'ทะเลลวกจิ้ม', 'กระเช้าน้ำพริก', 'ใบเหลียงผัดไข่', '', '', '', ''),
(18, 'ใบเหลียงผัดไข่', 'กระเช้าน้ำพริก', 'ยำถั่วพูกุ้งสด', '', '', '', ''),
(19, 'ยำกุนเชียง', '', '', '', '', '', ''),
(20, 'กระเช้าน้ำพริก', 'ปูไข่ดอง', 'ทะเลลวกจิ้ม', 'ใบเหลียงผัดไข่', 'ยำกุนเชียง', 'ปอเปี๊ยะทอด', ''),
(21, 'ทะเลลวกจิ้ม', 'ยำดอกไม้', 'ปูไข่ดอง', 'ใบเหลียงผัดไข่', '', '', ''),
(22, 'ปูไข่ดอง', 'ปอเปี๊ยะทอด', 'ปลาแห้งแตงโม', 'ใบเหลียงผัดไข่', 'ยำถั่วพูกุ้งสด', 'ยำดอกไม้', 'ทะเลลวกจิ้ม'),
(23, 'ปอเปี๊ยะทอด', 'กระเช้าน้ำพริก', 'ปูไข่ดอง', 'ทะเลลวกจิ้ม', 'ยำกุนเชียง', '', ''),
(24, 'ยำกุนเชียง', 'ปลาแห้งแตงโม', 'ปอเปี๊ยะทอด', 'ยำดอกไม้', 'กระเช้าน้ำพริก', '', ''),
(25, 'ยำกุนเชียง', 'Meat', 'ยำถั่วพูกุ้งสด', 'ใบเหลียงผัดไข่', 'กระเช้าน้ำพริก', 'ปูไข่ดอง', ''),
(26, 'ยำดอกไม้', '', '', '', '', '', ''),
(27, 'ปูไข่ดอง', 'ทะเลลวกจิ้ม', 'ปอเปี๊ยะทอด', 'ยำถั่วพูกุ้งสด', 'ปลาแห้งแตงโม', '', ''),
(28, 'ยำกุนเชียง', 'ทะเลลวกจิ้ม', 'ใบเหลียงผัดไข่', 'ยำดอกไม้', 'ปลาแห้งแตงโม', 'ปูไข่ดอง', 'ยำถั่วพูกุ้งสด'),
(29, 'ใบเหลียงผัดไข่', 'กระเช้าน้ำพริก', '', '', '', '', ''),
(30, 'ทะเลลวกจิ้ม', 'ใบเหลียงผัดไข่', 'ปอเปี๊ยะทอด', 'ปูไข่ดอง', 'ยำถั่วพูกุ้งสด', 'ยำกุนเชียง', ''),
(31, 'ยำกุนเชียง', 'ทะเลลวกจิ้ม', '', '', '', '', ''),
(32, 'ปูไข่ดอง', 'กระเช้าน้ำพริก', 'ใบเหลียงผัดไข่', 'ยำกุนเชียง', 'ปลาแห้งแตงโม', '', ''),
(33, 'ปูไข่ดอง', 'ยำถั่วพูกุ้งสด', 'ใบเหลียงผัดไข่', '', '', '', ''),
(34, 'ใบเหลียงผัดไข่', 'กระเช้าน้ำพริก', 'ยำถั่วพูกุ้งสด', '', '', '', ''),
(35, 'ยำกุนเชียง', 'ใบเหลียงผัดไข่', 'ปลาแห้งแตงโม', 'ทะเลลวกจิ้ม', 'กระเช้าน้ำพริก', '', ''),
(36, 'ใบเหลียงผัดไข่', 'ปูไข่ดอง', 'ยำถั่วพูกุ้งสด', 'ปลาแห้งแตงโม', 'ยำกุนเชียง', '', ''),
(37, 'ใบเหลียงผัดไข่', 'กระเช้าน้ำพริก', 'ยำถั่วพูกุ้งสด', '', '', '', ''),
(38, 'ใบเหลียงผัดไข่', 'กระเช้าน้ำพริก', 'ยำถั่วพูกุ้งสด', '', '', '', ''),
(39, 'ปอเปี๊ยะทอด', '', '', '', '', '', ''),
(40, 'ใบเหลียงผัดไข่', 'กระเช้าน้ำพริก', 'ยำถั่วพูกุ้งสด', '', '', '', ''),
(41, 'ใบเหลียงผัดไข่', 'กระเช้าน้ำพริก', 'ยำถั่วพูกุ้งสด', '', '', '', ''),
(42, 'ทะเลลวกจิ้ม', '', '', '', '', '', ''),
(43, 'ปอเปี๊ยะทอด', 'ปลาแห้งแตงโม', 'ยำถั่วพูกุ้งสด', 'ปูไข่ดอง', 'ยำดอกไม้', 'กระเช้าน้ำพริก', 'ใบเหลียงผัดไข่'),
(44, 'กระเช้าน้ำพริก', 'ปอเปี๊ยะทอด', '', '', '', '', ''),
(45, 'ยำกุนเชียง', 'ปลาแห้งแตงโม', 'ทะเลลวกจิ้ม', '', '', '', ''),
(46, 'ยำกุนเชียง', 'ใบเหลียงผัดไข่', 'กระเช้าน้ำพริก', 'ปอเปี๊ยะทอด', 'ปลาแห้งแตงโม', 'ยำถั่วพูกุ้งสด', 'ปูไข่ดอง'),
(47, 'ปูไข่ดอง', 'ทะเลลวกจิ้ม', 'ปอเปี๊ยะทอด', 'ยำถั่วพูกุ้งสด', '', '', ''),
(48, 'ปอเปี๊ยะทอด', 'ปลาแห้งแตงโม', '', '', '', '', ''),
(49, 'ปูไข่ดอง', 'ทะเลลวกจิ้ม', 'ปอเปี๊ยะทอด', 'ยำถั่วพูกุ้งสด', 'ปลาแห้งแตงโม', '', '');

-- --------------------------------------------------------

--
-- Table structure for table `user`
--

CREATE TABLE `user` (
  `Id_User` varchar(10) NOT NULL,
  `user` varchar(10) NOT NULL,
  `pass` varchar(10) NOT NULL,
  `level` varchar(10) NOT NULL
) ENGINE=InnoDB DEFAULT CHARSET=utf8;

--
-- Dumping data for table `user`
--

INSERT INTO `user` (`Id_User`, `user`, `pass`, `level`) VALUES
('0', 'a', '1111', '1'),
('1', 'b', '2222', '2');

--
-- Indexes for dumped tables
--

--
-- Indexes for table `admin`
--
ALTER TABLE `admin`
  ADD PRIMARY KEY (`ID_Admin`);

--
-- Indexes for table `ai`
--
ALTER TABLE `ai`
  ADD PRIMARY KEY (`Id_Ai`);

--
-- Indexes for table `bill`
--
ALTER TABLE `bill`
  ADD PRIMARY KEY (`Id_Bill`);

--
-- Indexes for table `bill_detail`
--
ALTER TABLE `bill_detail`
  ADD PRIMARY KEY (`Id_Billdetail`);

--
-- Indexes for table `customers`
--
ALTER TABLE `customers`
  ADD PRIMARY KEY (`id`);

--
-- Indexes for table `data_food`
--
ALTER TABLE `data_food`
  ADD PRIMARY KEY (`Id_data_food`);

--
-- Indexes for table `food`
--
ALTER TABLE `food`
  ADD PRIMARY KEY (`Id_food`);

--
-- Indexes for table `foodcount`
--
ALTER TABLE `foodcount`
  ADD PRIMARY KEY (`Id_foodCount`);

--
-- Indexes for table `pro`
--
ALTER TABLE `pro`
  ADD PRIMARY KEY (`Id_pro`);

--
-- Indexes for table `recommend`
--
ALTER TABLE `recommend`
  ADD PRIMARY KEY (`Id_recommend`);

--
-- Indexes for table `table_food`
--
ALTER TABLE `table_food`
  ADD PRIMARY KEY (`Id_table_food`);

--
-- Indexes for table `user`
--
ALTER TABLE `user`
  ADD PRIMARY KEY (`Id_User`);

--
-- AUTO_INCREMENT for dumped tables
--

--
-- AUTO_INCREMENT for table `ai`
--
ALTER TABLE `ai`
  MODIFY `Id_Ai` int(11) NOT NULL AUTO_INCREMENT, AUTO_INCREMENT=4628;

--
-- AUTO_INCREMENT for table `customers`
--
ALTER TABLE `customers`
  MODIFY `id` int(11) NOT NULL AUTO_INCREMENT;

--
-- AUTO_INCREMENT for table `data_food`
--
ALTER TABLE `data_food`
  MODIFY `Id_data_food` int(11) NOT NULL AUTO_INCREMENT, AUTO_INCREMENT=29;

--
-- AUTO_INCREMENT for table `food`
--
ALTER TABLE `food`
  MODIFY `Id_food` int(11) NOT NULL AUTO_INCREMENT, AUTO_INCREMENT=98;

--
-- AUTO_INCREMENT for table `pro`
--
ALTER TABLE `pro`
  MODIFY `Id_pro` int(11) NOT NULL AUTO_INCREMENT, AUTO_INCREMENT=39;

--
-- AUTO_INCREMENT for table `recommend`
--
ALTER TABLE `recommend`
  MODIFY `Id_recommend` int(11) NOT NULL AUTO_INCREMENT, AUTO_INCREMENT=7;

--
-- AUTO_INCREMENT for table `table_food`
--
ALTER TABLE `table_food`
  MODIFY `Id_table_food` int(11) NOT NULL AUTO_INCREMENT, AUTO_INCREMENT=10;
COMMIT;

/*!40101 SET CHARACTER_SET_CLIENT=@OLD_CHARACTER_SET_CLIENT */;
/*!40101 SET CHARACTER_SET_RESULTS=@OLD_CHARACTER_SET_RESULTS */;
/*!40101 SET COLLATION_CONNECTION=@OLD_COLLATION_CONNECTION */;
